Title,Authors,Keywords,Abstract
NLP in Social Media,James Taylor,quantum computing,This paper discusses recent advancements in NLP and its integration with AI...
Big Data Analytics,Robert Lee,quantum computing,This research focuses on NLP techniques applied to social media data...
AI in Healthcare,Sophia Harris,"NLP, social media","Machine learning applications in healthcare, including diagnosis and treatment..."
AI in Robotics,Emily Clark,"NLP, social media","Blockchain technology's potential in the finance sector, focusing on security..."
Quantum Computing for Beginners,Robert Lee,"AI, robotics","Blockchain technology's potential in the finance sector, focusing on security..."
Computer Vision and its Applications,Linda Garcia,"AI, robotics","Blockchain technology's potential in the finance sector, focusing on security..."
Quantum Computing for Beginners,Jane Smith,"deep learning, NLP","Machine learning applications in healthcare, including diagnosis and treatment..."
Quantum Computing for Beginners,John Doe,big data,Analyzing the significance of big data in the modern business landscape...
AI in Robotics,Sophia Harris,"blockchain, finance",Analyzing the significance of big data in the modern business landscape...
Natural Language Processing Techniques,Emily Clark,"NLP, social media","The role of AI in robotics, focusing on autonomous systems..."
NLP in Social Media,William White,"AI, healthcare",This paper explores deep learning techniques in natural language processing...
NLP in Social Media,John Doe,big data,Analyzing the significance of big data in the modern business landscape...
AI in Robotics,Jane Smith,"machine learning, healthcare",This paper explores deep learning techniques in natural language processing...
Big Data Analytics,Linda Garcia,"machine learning, healthcare",Computer vision methods for various real-world applications in industries...
Quantum Computing for Beginners,Robert Lee,"AI, healthcare","Machine learning applications in healthcare, including diagnosis and treatment..."
Computer Vision and its Applications,William White,"AI, healthcare","Blockchain technology's potential in the finance sector, focusing on security..."
NLP in Social Media,Alice Johnson,"AI, robotics",AI-driven healthcare solutions and their impact on diagnosis and patient care...
AI in Robotics,Linda Garcia,"AI, healthcare",This research focuses on NLP techniques applied to social media data...
Quantum Computing for Beginners,John Doe,"NLP, machine learning",Introduction to quantum computing and its future implications in various fields...
AI in Healthcare,Jane Smith,"machine learning, healthcare",Introduction to quantum computing and its future implications in various fields...
AI in Healthcare,Emily Clark,"deep learning, NLP",This paper explores deep learning techniques in natural language processing...
Computer Vision and its Applications,Robert Lee,"deep learning, NLP","The role of AI in robotics, focusing on autonomous systems..."
Computer Vision and its Applications,John Doe,quantum computing,"Blockchain technology's potential in the finance sector, focusing on security..."
AI in Healthcare,Sophia Harris,"blockchain, finance",Computer vision methods for various real-world applications in industries...
Quantum Computing for Beginners,Sophia Harris,big data,Introduction to quantum computing and its future implications in various fields...
NLP in Social Media,Linda Garcia,"computer vision, applications","Blockchain technology's potential in the finance sector, focusing on security..."
Quantum Computing for Beginners,Robert Lee,big data,"Machine learning applications in healthcare, including diagnosis and treatment..."
Machine Learning for Healthcare,Linda Garcia,"AI, robotics",Analyzing the significance of big data in the modern business landscape...
Quantum Computing for Beginners,James Taylor,"computer vision, applications","The role of AI in robotics, focusing on autonomous systems..."
Blockchain in Finance,Linda Garcia,quantum computing,This research focuses on NLP techniques applied to social media data...
Big Data Analytics,Jane Smith,"deep learning, NLP","Machine learning applications in healthcare, including diagnosis and treatment..."
AI in Healthcare,Robert Lee,"computer vision, applications","The role of AI in robotics, focusing on autonomous systems..."
Big Data Analytics,Sophia Harris,"machine learning, healthcare",This paper explores deep learning techniques in natural language processing...
Computer Vision and its Applications,Alice Johnson,"deep learning, NLP",This paper discusses recent advancements in NLP and its integration with AI...
Computer Vision and its Applications,Sophia Harris,"machine learning, healthcare","Machine learning applications in healthcare, including diagnosis and treatment..."
AI in Healthcare,Linda Garcia,"computer vision, applications",This paper explores deep learning techniques in natural language processing...
AI in Robotics,Jane Smith,"NLP, machine learning","The role of AI in robotics, focusing on autonomous systems..."
AI in Healthcare,Jane Smith,"AI, robotics",This paper explores deep learning techniques in natural language processing...
AI in Robotics,Robert Lee,"AI, robotics",Analyzing the significance of big data in the modern business landscape...
Natural Language Processing Techniques,Tom Brown,"machine learning, healthcare","Blockchain technology's potential in the finance sector, focusing on security..."
Big Data Analytics,Alice Johnson,big data,"Blockchain technology's potential in the finance sector, focusing on security..."
AI in Healthcare,Emily Clark,"machine learning, healthcare",Analyzing the significance of big data in the modern business landscape...
Computer Vision and its Applications,Jane Smith,"AI, healthcare","The role of AI in robotics, focusing on autonomous systems..."
Big Data Analytics,Alice Johnson,"AI, healthcare","Blockchain technology's potential in the finance sector, focusing on security..."
Computer Vision and its Applications,Linda Garcia,"AI, robotics",Analyzing the significance of big data in the modern business landscape...
Deep Learning for NLP,Sophia Harris,"AI, healthcare",AI-driven healthcare solutions and their impact on diagnosis and patient care...
Deep Learning for NLP,John Doe,"AI, healthcare",AI-driven healthcare solutions and their impact on diagnosis and patient care...
Blockchain in Finance,John Doe,quantum computing,This paper discusses recent advancements in NLP and its integration with AI...
Machine Learning for Healthcare,Sophia Harris,"deep learning, NLP","Machine learning applications in healthcare, including diagnosis and treatment..."
NLP in Social Media,Jane Smith,"AI, robotics","Machine learning applications in healthcare, including diagnosis and treatment..."
Natural Language Processing Techniques,Robert Lee,"NLP, machine learning","Blockchain technology's potential in the finance sector, focusing on security..."
Machine Learning for Healthcare,John Doe,"NLP, social media",This paper discusses recent advancements in NLP and its integration with AI...
AI in Healthcare,James Taylor,big data,Computer vision methods for various real-world applications in industries...
AI in Robotics,Sophia Harris,"blockchain, finance","Blockchain technology's potential in the finance sector, focusing on security..."
Computer Vision and its Applications,Robert Lee,quantum computing,Analyzing the significance of big data in the modern business landscape...
AI in Healthcare,Tom Brown,big data,This paper explores deep learning techniques in natural language processing...
AI in Healthcare,James Taylor,"NLP, social media",Computer vision methods for various real-world applications in industries...
NLP in Social Media,William White,"AI, robotics",This paper discusses recent advancements in NLP and its integration with AI...
NLP in Social Media,Tom Brown,"deep learning, NLP","Blockchain technology's potential in the finance sector, focusing on security..."
Big Data Analytics,Linda Garcia,"AI, robotics","Machine learning applications in healthcare, including diagnosis and treatment..."
AI in Healthcare,John Doe,big data,Computer vision methods for various real-world applications in industries...
Blockchain in Finance,Robert Lee,"blockchain, finance",Analyzing the significance of big data in the modern business landscape...
Deep Learning for NLP,Sophia Harris,"AI, healthcare",Analyzing the significance of big data in the modern business landscape...
Big Data Analytics,Sophia Harris,"blockchain, finance",Computer vision methods for various real-world applications in industries...
NLP in Social Media,James Taylor,"AI, robotics",Analyzing the significance of big data in the modern business landscape...
Deep Learning for NLP,Jane Smith,"computer vision, applications",This research focuses on NLP techniques applied to social media data...
Big Data Analytics,Linda Garcia,"machine learning, healthcare",This paper explores deep learning techniques in natural language processing...
Deep Learning for NLP,Alice Johnson,"NLP, machine learning",This paper explores deep learning techniques in natural language processing...
NLP in Social Media,Robert Lee,"deep learning, NLP",This paper discusses recent advancements in NLP and its integration with AI...
Deep Learning for NLP,Linda Garcia,quantum computing,This paper discusses recent advancements in NLP and its integration with AI...
Deep Learning for NLP,Jane Smith,"NLP, social media",Introduction to quantum computing and its future implications in various fields...
Deep Learning for NLP,John Doe,"NLP, social media",This research focuses on NLP techniques applied to social media data...
Machine Learning for Healthcare,James Taylor,"blockchain, finance","Machine learning applications in healthcare, including diagnosis and treatment..."
Quantum Computing for Beginners,Jane Smith,"computer vision, applications","Blockchain technology's potential in the finance sector, focusing on security..."
Computer Vision and its Applications,William White,"NLP, social media","Machine learning applications in healthcare, including diagnosis and treatment..."
Machine Learning for Healthcare,Jane Smith,"blockchain, finance","The role of AI in robotics, focusing on autonomous systems..."
Quantum Computing for Beginners,John Doe,"blockchain, finance",AI-driven healthcare solutions and their impact on diagnosis and patient care...
Computer Vision and its Applications,James Taylor,quantum computing,AI-driven healthcare solutions and their impact on diagnosis and patient care...
AI in Robotics,Robert Lee,"blockchain, finance",Analyzing the significance of big data in the modern business landscape...
Blockchain in Finance,Jane Smith,"NLP, machine learning","Machine learning applications in healthcare, including diagnosis and treatment..."
Machine Learning for Healthcare,Emily Clark,"computer vision, applications",Computer vision methods for various real-world applications in industries...
Machine Learning for Healthcare,Sophia Harris,"NLP, social media",Introduction to quantum computing and its future implications in various fields...
AI in Robotics,Robert Lee,"machine learning, healthcare","The role of AI in robotics, focusing on autonomous systems..."
Blockchain in Finance,James Taylor,"AI, robotics","Blockchain technology's potential in the finance sector, focusing on security..."
Quantum Computing for Beginners,William White,"deep learning, NLP",This research focuses on NLP techniques applied to social media data...
AI in Robotics,Emily Clark,"AI, healthcare",Analyzing the significance of big data in the modern business landscape...
Big Data Analytics,Robert Lee,"AI, robotics",Analyzing the significance of big data in the modern business landscape...
Blockchain in Finance,Linda Garcia,"AI, healthcare","Machine learning applications in healthcare, including diagnosis and treatment..."
AI in Robotics,Linda Garcia,"NLP, machine learning","Blockchain technology's potential in the finance sector, focusing on security..."
Deep Learning for NLP,James Taylor,"AI, robotics",This paper explores deep learning techniques in natural language processing...
Natural Language Processing Techniques,William White,"NLP, machine learning",This paper explores deep learning techniques in natural language processing...
NLP in Social Media,Robert Lee,"deep learning, NLP",Analyzing the significance of big data in the modern business landscape...
Big Data Analytics,John Doe,"AI, robotics",Analyzing the significance of big data in the modern business landscape...
Deep Learning for NLP,William White,quantum computing,Analyzing the significance of big data in the modern business landscape...
Big Data Analytics,John Doe,"AI, robotics","The role of AI in robotics, focusing on autonomous systems..."
NLP in Social Media,Linda Garcia,quantum computing,AI-driven healthcare solutions and their impact on diagnosis and patient care...
Natural Language Processing Techniques,James Taylor,"deep learning, NLP",This research focuses on NLP techniques applied to social media data...
Big Data Analytics,William White,quantum computing,AI-driven healthcare solutions and their impact on diagnosis and patient care...
Natural Language Processing Techniques,Tom Brown,quantum computing,"Machine learning applications in healthcare, including diagnosis and treatment..."
Deep Learning for NLP,William White,"NLP, machine learning",This paper discusses recent advancements in NLP and its integration with AI...
